transaction_description,transaction_amount,transaction_account_type
0011393060001 Transfer to Macquarie Bank - Receipt 461836 To 182741 393060001,-342.52,transaction
0318352 Transfer to Jimboomba Gymnastics Club - Receipt 32981 To 124190 22552503,-157.5,transaction
0REGENTVILLE PS 2951 Visa Purchase - Receipt 143215 In REGENTVILLE Date 04 Mar 2019 Card xxxxxxxxxxxx7915,-49,transaction
0TUGGERAWONG PS 4097 Visa Purchase - Receipt 199427 In TUGGERAWONG Date 15 Nov 2018 Card xxxxxxxxxxxx5999,-20,transaction
1001026 Transfer to Blink Property - Receipt 674787 To 034215 656221,-710,transaction
1091 OPSM Visa Purchase - Receipt 144148 In MELBOURNE Date 04 Apr 2019 Card xxxxxxxxxxxx4237,-119,transaction
136 ALLIANCE Visa Purchase - Receipt 149696 In MELBOURNE Date 15 Feb 2019 Card xxxxxxxxxxxx4237,-35,transaction
1800 PARK NE Visa Cash Withdrawal - Receipt 128609 Foreign Currency Amount: USD 105.00 In PARK CITY Date 18 Feb 2019 Card xxxxxxxxxxxx9809,-147.42,transaction
183820 Transfer to Qs Law Pty Ltd TA Quinn Scattini - Receipt 289053 To 014002 453021795,-137000,transaction
1ST CHOICE 7238 Visa Purchase - Receipt 143216 In PENRITH Date 09 Feb 2019 Card xxxxxxxxxxxx7915,-7,transaction
28 DEGREES310119 Direct Debit - Receipt 134540 005444343305230069,-2041.46,transaction
380 ESN PTY LTD Visa Purchase - Receipt 165799 In MELBOURNE Date 13 Jun 2019 Card xxxxxxxxxxxx4237,-24.95,transaction
3D BUBS PTY LTD Visa Purchase - Receipt 198710 In SPRINGFIELD Date 09 Mar 2019 Card xxxxxxxxxxxx9772,-100,savings
883549 GLEN TAYLO Transfer to Tusna PTY LTD - Receipt 5910 To 012003 837702872,-1780.5,transaction
A & C CARPET CARE RACEVIEW EFTPOS Purchase - Receipt 563 Date 07 Feb 2019 Time 11:05AM Card xxxxxxxxxxxx1337,-90,savings
aa LOAN aa INTEREST 123,-20,loan
ABBOTSFORD RD P/L Visa Purchase - Receipt 135990 In PENRITH Date 15 Mar 2019 Card xxxxxxxxxxxx8240,-125.95,transaction
ABCGuilin City-Guilin City-Hold for ATM debits,-200.2,transaction
ABCOE DISTRIBUTORS P Visa Purchase - Receipt 166618 In SOUTH PENRIT Date 31 Dec 2018 Card xxxxxxxxxxxx3306,-10.3,transaction
ABOUT-FACE LASER AND NORTH LAKES EFTPOS Purchase - Receipt 2488 Date 16 Feb 2019 Time 11:11AM Card xxxxxxxxxxxx5999,-300,transaction
ABOVE GROND POOL SALES Visa Purchase - Receipt 188276 In LOGAN HOLME Date 05 Sep 2019 Card xxxxxxxxxxxx7857,-700,savings
Acquisitions Lambton ************ 0563 33464,-84.98,mortgage
ADAIRS - DONCASTER Visa Purchase - Receipt 127046 In DONCASTER Date 06 Feb 2019 Card xxxxxxxxxxxx9545,-19.95,transaction
advertising house Transfer to My Platinum P/L - Receipt 325290 To 184446 303802953,-960,savings
AFRICAN VIBE BALGOWLAH AUS Card xx2515 Value Date: 09/08/2018,-13.65,transaction
AG BROWNS PLAINS BR OWNS PLAINS EFTPOS Purchase - Receipt 9636 Date 25 Feb 2019 Time 1:32PM Card xxxxxxxxxxxx5999,-29.99,transaction
AHPRA Visa Purchase - Receipt 115237 In MELBOURNE Date 15 May 2019 Card xxxxxxxxxxxx9772,-170,savings
Aioi Nissay Dowa Direct Debit - Receipt 164714 01197485/6779125,-97.92,transaction
AIRPORT PHARMACY Visa Purchase - Receipt 153071 In BILINGA Date 17 Jul 2019 Card xxxxxxxxxxxx4237,-10.95,transaction
AIRPORT RETAIL ENTER BILINGA EFTPOS Purchase with Cash Out - Receipt 19443 - Cash amount $50.00<BR/>Date 02 Feb 2019 Time 6:21AM Card xxxxxxxxxxxx9344,-64.33,transaction
AIRTRAIN TRANSFIELD Visa Purchase - Receipt 107214 In PINKENBA Date 21 Dec 2018 Card xxxxxxxxxxxx4237,-27.3,transaction
Alcohol - Receipt 413949 To Orange Everyday 0062704732,-500,savings
Alcohol Internal Transfer - Receipt 413949 Savings Maximiser 0043687650,500,transaction
ALEXANDRA TYREPOWER Visa Purchase - Receipt 153222 In ALEXANDRA Date 13 Feb 2019 Card xxxxxxxxxxxx1769,-60,transaction
ALPINE ANIMAL DOCTORS PO REPUNKAH03 EFTPOS Purchase - Receipt 8144 Date 14 Jan 2019 Time 2:10PM Card xxxxxxxxxxxx9172,-390.61,transaction
Amanda Benham Visa Purchase - Receipt 117222 In 1800984334 Date 22 Feb 2019 Card xxxxxxxxxxxx1337,-65,savings
AMEX BIG W 0559 COLONNADES NOARLUNGA CE017,-23,credit-card
AMEX HARVEY NORMAN ONLINE HOMEBUSH WES015,-800,credit-card
AMEX TARGET CHATSWOOD 91 CHATSWOOD 015,-19,credit-card
amh 28dec18 Transfer to Tracey Smith - Receipt 871094 To 733376 535765,-790.52,transaction
AMPOL 10775 BEAUDESERT EFTPOS Purchase - Receipt 45148 Date 28 Apr 2019 Time 4:40PM Card xxxxxxxxxxxx5999,-133.07,transaction
Andrew Sinclair dont spend it all at once Transfer to +61-400774466 - Receipt 183541,-60.01,transaction
Andy AMEX Travel Insurance premium BPAY Bill Payment - Receipt 523711 To AMERICAN EXPRESS 379514147431004,-746,transaction
Andy travel savings - Receipt 468974 From Orange Everyday 0064173672,450,savings
ANVET KEDRON PTY LTD Visa Purchase - Receipt 142580 In KEDRON Date 23 Aug 2019 Card xxxxxxxxxxxx9772,-44,savings
AP#11016544 FROM M P & K MACPHERSON,600,transaction
AP#12243218 TO KIWIBANK PERSONAL MASTERCARD,-1000,transaction
AP#12409235 TO VODAFONE (MOBILE),-50,transaction
AP#12717228 TO TRUSTPOWER LTD,-170,transaction
AP#14163037 FROM I IATI Transfer from I IATI - 03 LOANPMT,14,savings
AP#8986466 TO AMI INSURANCE LTD,-50,transaction
AS Offset Savings 3 Jan Internal Transfer - Receipt 104423 Orange Everyday 0064173672,1675,transaction
ASHCROFTS IGA Visa Purchase - Receipt 172771 In ERSKINE PARK Date 11 Sep 2019 Card xxxxxxxxxxxx3306,-3,transaction
ASIAN PEARL PTY LTD Visa Purchase - Receipt 195697 In GLENMORE PAR Date 22 Dec 2018 Card xxxxxxxxxxxx3306,-46,transaction
ATLANTIC SEAFOOD Visa Purchase - Receipt 123496 In PENRITH Date 21 Jun 2019 Card xxxxxxxxxxxx3306,-13.8,transaction
ATM Rebate Receipt 265 We paid the ATM fee for you!,2.5,transaction
ATO PAYMENT Visa Purchase - Receipt 101515 In SYDNEY Date 08 Sep 2019 Card xxxxxxxxxxxx7857,-122,savings
Ausmobar Pty Ltd Douglas-Daly TAP AND PAY 3867,-24.5,credit-card
AUSPOST ONLINE RETURNS Visa Purchase - Receipt 199171 In MELBOURNE Date 03 Aug 2019 Card xxxxxxxxxxxx8240,-8.95,transaction
AUSTRALIAN CATHOLIC UN NORTH SYDNEY NS AUS Card xx3658 Value Date: 27/07/2018,-10,transaction
AUSTRALIAN RED CROSS Visa Purchase - Receipt 198100 In NORTH IPSWIC Date 16 Feb 2019 Card xxxxxxxxxxxx7857,-19,savings
AUTOMOTIVE BRANDS GR Visa Purchase - Receipt 107223 In DARRA Date 17 Jul 2019 Card xxxxxxxxxxxx9772,-179,savings
AVALON NO 1 PTY LTD Visa Purchase - Receipt 149402 In LARA Date 17 Jun 2019 Card xxxxxxxxxxxx4237,-10.5,transaction
AWATEF KARAM Visa Purchase - Receipt 144094 In VIRGINIA Date 08 Apr 2019 Card xxxxxxxxxxxx5999,-40,transaction
B INDULGED HAIR AND EASTERN HEI EFTPOS Purchase - Receipt 4090 Date 23 Jan 2019 Time 4:48PM Card xxxxxxxxxxxx7857,-120,savings
B INDULGED Visa Purchase - Receipt 111414 In EASTERN HEIG Date 21 Jan 2019 Card xxxxxxxxxxxx7857,-30,savings
BABABOI PTY LTD Visa Purchase - Receipt 154236 In DOCKLANDS Date 02 Feb 2019 Card xxxxxxxxxxxx0985,-18.8,transaction
BACINO BAR BALGOWLAH BALGOWLAH NS AUS Card xx7709 Value Date: 03/08/2018,-18.2,transaction
BACK TO BASICS SPORT KINGSWOOD EFTPOS Purchase - Receipt 4410 Date 08 Dec 2018 Time 9:27AM Card xxxxxxxxxxxx7915,-212,transaction
BALGOWLAH HTS DELI BALGOWLAH HEI NS AUS Card xx7709 Value Date: 13/08/2018,-8,transaction
BALGOWLAH SEAFOOD PQPS BALGOWLAH AUS Card xx2515 Value Date: 08/08/2018,-19.7,transaction
BALI GIFTS PTY LTD Visa Purchase - Receipt 170224 In ORMEAU Date 24 Dec 2018 Card xxxxxxxxxxxx7857,-48,savings
BAOLE AUSTRALIA PTY Visa Purchase - Receipt 106364 In MELBOURNE Date 01 Apr 2019 Card xxxxxxxxxxxx4237,-18.7,transaction
BAREFOOT BLUEPRINT PUB Visa Purchase - Receipt 164402 In MELBOURNE Date 30 Jun 2019 Card xxxxxxxxxxxx9772,-397,savings
BARRYS FISH MARKET Visa Purchase - Receipt 177763 In PENRITH Date 03 Nov 2018 Card xxxxxxxxxxxx7915,-54.88,transaction
BASKIN ROBINS BROWNS Visa Purchase - Receipt 120838 In BROWNS PLAIN Date 31 Dec 2018 Card xxxxxxxxxxxx4237,-32.6,transaction
BATHURST REGN COUNCIL Visa Purchase - Receipt 125764 In BATHURST Date 23 Jan 2019 Card xxxxxxxxxxxx7915,-22,transaction
BATTERY WORLD IPSWICH Visa Purchase - Receipt 199076 In WEST IPSWICH Date 22 Mar 2019 Card xxxxxxxxxxxx1337,-174,savings
BAYCORP Visa Purchase - Receipt 142142 In PARRAMATTA Date 03 Jan 2019 Card xxxxxxxxxxxx9344,-187,transaction
BBL-Jimboomba Branch Ji mboomba 0 Receipt 4940 ATM owner fee of $2.00 charged by BBL-Jimboomba Branch Ji mboomba 0 Date 25 Mar 2019 Time 6:24AM Card xxxxxxxxxxxx5999,-192,transaction
Bbq Internal Transfer - Receipt 238778 Orange Everyday 0031265789,-20,transaction
BCC KGS CAR PARK Visa Purchase - Receipt 193189 In BRISBANE Date 21 Nov 2018 Card xxxxxxxxxxxx7857,-22,savings
BCF IPSWICH Visa Purchase - Receipt 115199 In IPSWICH Date 14 Jan 2019 Card xxxxxxxxxxxx1337,-31.99,savings
BEACH BUMS CORP P/L Visa Purchase - Receipt 108227 In FORSTER Date 12 Jul 2019 Card xxxxxxxxxxxx3306,-9.3,transaction
BEACH GRILL CAFE AND K Visa Purchase - Receipt 149543 In BALLINA Date 07 Jan 2019 Card xxxxxxxxxxxx9315,-18.7,transaction
BEACON LIGHTING 83 Visa Purchase - Receipt 170698 In PENRITH Date 14 Nov 2018 Card xxxxxxxxxxxx7915,-25.9,transaction
BEAUDESERT FAIR BAKE Visa Purchase - Receipt 115690 In BEAUDESERT Date 05 Jun 2019 Card xxxxxxxxxxxx5999,-16,transaction
BEAUDESERT FAIR SHOPPING BEAUDESERT Receipt 1729 ATM owner fee of $2.50 charged by BEAUDESERT FAIR SHOPPING BEAUDESERT Date 19 Jul 2019 Time 9:34AM Card xxxxxxxxxxxx5999,-62.5,transaction
BEAUDESERT HARDWARE Visa Purchase - Receipt 146550 In BEAUDESERT Date 03 Jan 2019 Card xxxxxxxxxxxx4237,-9.95,transaction
BEAUDESERT MEDICAL Visa Purchase - Receipt 184346 In BEAUDESERT Date 02 Mar 2019 Card xxxxxxxxxxxx5999,-35.25,transaction
BEAUDESERT PHARMACY BE AUDESERT Q EFTPOS Purchase - Receipt 15514 Date 13 Feb 2019 Time 11:17AM Card xxxxxxxxxxxx5999,-20.94,transaction
BEAUTY STOP RIVERLINK Visa Purchase - Receipt 105338 In IPSWICH Date 22 Jan 2019 Card xxxxxxxxxxxx7857,-32,savings
BELLA BELLISSIMO PIZ FORSTER EFTPOS Purchase - Receipt 102917 Date 15 Dec 2018 Time 7:05PM Card xxxxxxxxxxxx7915,-101,transaction
Berkelo - Mosman Mosman NS AUS Tap and Pay xx6620 Value Date: 14/10/2018,-3.5,transaction
Bertsy and Co Visa Purchase - Receipt 182583 In WANGARATTA Date 12 Feb 2019 Card xxxxxxxxxxxx1748,-29,transaction
BEST & LESS IPSWICH RI Visa Purchase - Receipt 105722 In NORTH IPSWIC Date 16 Feb 2019 Card xxxxxxxxxxxx7857,-22,savings
BEST AND LESS Visa Purchase - Receipt 198572 In TUGGERAH Date 06 Nov 2018 Card xxxxxxxxxxxx5999,-65,transaction
BEST CHOICE COFFE PTY Visa Purchase - Receipt 174774 In MELBOURNE Date 11 Dec 2018 Card xxxxxxxxxxxx4237,-13.8,transaction
Big Petes Eats COLES BAY AU Card xx4332 Value Date: 21/11/2018,-43,transaction
BIGWAREHOUSE SPARES CORRIMAL AU Card xx3021 Value Date: 10/08/2019,-93.23,transaction
BILL BUCKLE AUTO SER BROOKVALE NS AUS Card xx7977 Value Date: 18/11/2019,-140,transaction
Bill Payment EVANS S A Ref: Mel catch up,775,transaction
BLACKHEATH BUTCHERY Visa Purchase - Receipt 156490 In BLACKHEATH Date 13 Nov 2018 Card xxxxxxxxxxxx7915,-11.65,transaction
Blizzard Entertainment Bl Visa Purchase - Receipt 178925 Foreign Currency Amount: 0.00 In Schiphol-Rij Date 30 Aug 2019 Card xxxxxxxxxxxx7857,-16.5,savings
BLOOMFIELD ST CLEVELAND CLEVELAND Receipt 230 ATM owner fee of $0.00 charged by BLOOMFIELD ST CLEVELAND CLEVELAND Date 25 Jul 2019 Time 12:27PM Card xxxxxxxxxxxx7857,-250,savings
BLS*ONLYDOMAINS.COM LONDON GBR Card xx7977 AUD 10.95 Value Date: 06/02/2020,-10.95,transaction
BMP WESTSIDE PTY LTD Visa Purchase - Receipt 189149 In ST CLAIR Date 22 Aug 2019 Card xxxxxxxxxxxx8240,-3.3,transaction
BOLT.EU /O/2001311926-Eveleigh NSW-Hold for ATM debits for offline transactions,-150,transaction
Booval Branch Bo oval Q Receipt 962496 ATM owner fee of $2.75 charged by Booval Branch Bo oval Q Date 05 Sep 2019 Time 12:25PM Card xxxxxxxxxxxx1337,-22.75,savings
BOOVAL CALTEX BOOVAL Receipt 878702 ATM owner fee of $0.00 charged by BOOVAL CALTEX BOOVAL Date 29 Apr 2019 Time 2:14PM Card xxxxxxxxxxxx7857,-60,savings
Booval Fair Shop. Cent.Bo oval Q Receipt 928950 ATM owner fee of $2.75 charged by Booval Fair Shop. Cent.Bo oval Q Date 13 Aug 2019 Time 4:38PM Card xxxxxxxxxxxx7857,-22.75,savings
BOOVAL NEWSAGENCY Visa Purchase - Receipt 124909 In BOOVAL Date 28 May 2019 Card xxxxxxxxxxxx1337,-23.6,savings
BOOVAL STATION BOOVAL EFTPOS Purchase - Receipt 3485 Date 26 Aug 2019 Time 11:12AM Card xxxxxxxxxxxx7857,-4.8,savings
BOOVAL STATION Visa Purchase - Receipt 190840 In BOOVAL Date 13 Aug 2019 Card xxxxxxxxxxxx1337,-50,savings
Booze Internal Transfer - Receipt 602433 Orange Everyday 0031265789,-200,transaction
BOQ - BP The Gap The Gap Receipt 6214 ATM owner fee of $2.50 charged by BOQ - BP The Gap The Gap Date 27 Jul 2019 Time 12:24PM Card xxxxxxxxxxxx1337,-102.5,savings
Bothwell Garage Bothwell TAP AND PAY 3867,-7.9,credit-card
Bottom Of The Harbour Mosman NS AUS Card xx2515 Value Date: 02/08/2018,-20,transaction
BOWEN HILLS STATION Visa Purchase - Receipt 183847 In BOWEN HILLS Date 26 Aug 2019 Card xxxxxxxxxxxx1337,-60,savings
BP 1975 AUS Card xx0002 Value Date: 25/07/2018,-802.53,transaction
BP 2GO BERHA 483561******2355 Orig date 06/03/2019,-8.49,transaction
BP 2GO CANTERBURY9499 - Visa Purchase - Receipt 167061In CANTERBURY Date 26 Apr 2019 Card 462263xxxxxx4134,-40.68,transaction
BPAY AGL South Aust P/L 33589 CommBiz 109584949139668337 BP AGL,-3721.08,loan
BPAY ALL SAINTS PRIMARY SCHOOL,-10.1,credit-card
BPAY ASSUMPTION SCHOOL BATHURST,-10.1,credit-card
BPAY AUSTRALASIAN COLLEGE FOR EMERGENCY MEDICINE,-10.1,credit-card
BPAY AUSTRALIAN ACUPUNCTURE AND CHINESE MEDICINE ASSOC,-10.1,credit-card
BPAY Australian Clinical Labs,-10.1,credit-card
BPAY AUSTRALIAN COMMUNICATIONS AND MEDIA AUTHORITY 2,-10.1,credit-card
BPAY Australian Military Bank,-10.1,credit-card
BPAY AUSTRALIAN RECEIVABLES LIMITED,-10.1,credit-card
BPAY AUSTRALIAN SCHOOL OF PERFORMING ARTS,-10.1,credit-card
BPAY BETHANY CATHOLIC PRIMARY GLENMORE PARK,-10.1,credit-card
BPAY BETHANY LUTHERAN PRIMARY SCHOOL,-10.1,credit-card
BPAY COLES MASTERCARD MOB Ref-5446471152337303 #291804139,-3500,transaction
BPAY Coles Personal Loans,-470,transaction
BPAY CORRECTIVE SERVICES NEW SOUTH WALES,-10.1,credit-card
BPAY Oral Health Services Tasmania,-10.1,credit-card
BPAY: MCC Forster Rates Ref-5000253285 #142269000,-20,credit-card
BPAY: TELSTRA CORP LTD IVR Ref-2000036580718 #253885205,-2,credit-card
Brae Cumming Happy Birthdy Osko Payment to 012341 211847471 - Receipt 96067 - Ref Number NOTPROVIDED,-150,transaction
BREADTOP GRAND PLAZA Visa Purchase - Receipt 147426 In BROWNS PLAIN Date 02 Jul 2019 Card xxxxxxxxxxxx5999,-14.3,transaction
BREADTOP GRAND PLAZA Visa Purchase - Receipt 181334 In BROWNS PLAIN Date 04 Feb 2019 Card xxxxxxxxxxxx5999,-13.1,transaction
Brisbane Bird & Exoti Visa Purchase - Receipt 190842 In Greenslopes Date 15 Aug 2019 Card xxxxxxxxxxxx9772,-133,savings
CABOOLTURE CALTEX CABOOLTURE Receipt 785982 ATM owner fee of $0.00 charged by CABOOLTURE CALTEX CABOOLTURE Date 03 Sep 2019 Time 10:51AM Card xxxxxxxxxxxx1337,-280,savings
CAFE ON THE HILL Visa Purchase - Receipt 182296 In IPSWICH Date 24 Mar 2019 Card xxxxxxxxxxxx7857,-4.5,savings
CAFE UPSTAIRS PTY LIMI Visa Purchase - Receipt 123495 In KINGSWOOD Date 21 Jun 2019 Card xxxxxxxxxxxx3306,-17,transaction
CAFE ZO ZO NEUTRAL BAY AUS AUS Card xx4381 Value Date: 20/02/2020,-15.65,credit-card
CAKES AROUND TOWN Visa Purchase - Receipt 143336 In DARRA Date 17 Jul 2019 Card xxxxxxxxxxxx7857,-42.7,savings
Coffee and breaky for Glen Internal Transfer - Receipt 15133 Orange Everyday 0031265789,-20,transaction
COINOP OPERATIONS PT Visa Purchase - Receipt 105340 In BASSENDEAN Date 22 Jan 2019 Card xxxxxxxxxxxx7857,-5,savings
COLD ROCK SOUTHBANK Visa Purchase - Receipt 147422 In SOUTH BRISBA Date 30 Jun 2019 Card xxxxxxxxxxxx4237,-7,transaction
COSTCO WHOLESALE AUSTR Visa Purchase - Receipt 198296 In BUNDAMBA Date 23 Jun 2019 Card xxxxxxxxxxxx9772,-114.58,savings
COSTUMEBOX.COM.AU BROOKVALE NS AUS Card xx7709 Value Date: 21/08/2018,-46.99,transaction
COUNCIL RATES BPAY Bill Payment - Receipt 156920 To PENRITH CITY COUNCIL 96648444,-70,transaction
COUNTRY & WESTON BAKER NORTH MACLE EFTPOS Purchase - Receipt 11604 Date 23 Mar 2019 Time 9:06AM Card xxxxxxxxxxxx5999,-12.4,transaction
CRAZZYDEALZ Visa Purchase - Receipt 109384 Foreign Currency Amount: USD 25.90 In HTTPSCRAZZYD Date 13 Jan 2019 Card xxxxxxxxxxxx1748,-36.1,transaction
CROWN MEL THE PUB Visa Purchase - Receipt 117425 In SOUTHBANK Date 02 Dec 2018 Card xxxxxxxxxxxx4237,-39,transaction
CROWN PROMENADE MELB Visa Purchase - Receipt 134436 In SOUTHBANK Date 20 Aug 2019 Card xxxxxxxxxxxx4832,-255.02,credit-card
CRUST - IDALIA SOUTHPORT QL AUS Card xx9968 Value Date: 16/02/2019,-33,transaction
CT MART ABECKETT PTY Visa Purchase - Receipt 107442 In MELBOURNE Date 21 Feb 2019 Card xxxxxxxxxxxx4237,-5,transaction
CUSC BIG W 0127\LISM ORE NSW 07/07/19 eftpos,-26.5,savings
CUSC CALTEX ALBION PARK RAI ALBION PARK 03/01/19 eftpos,-30.01,savings
CUSC COLES EXPRESS 1881 MANGO HILL 20/06/19 eftpos,-50.33,transaction
CUSC JB HI FI BLACKTOWN BLACKTOWN 26/12/19 eftpos,-19.2,transaction
CUSC KMART 1002 BLACKTOWN 06/06/19 eftpos,-17,transaction
CUSC PLINE PHARM LISMORE LIS MORE NS 01/09/19 eftpos,-93.95,savings
CUSC TARGET 5133 BROWNS PLAIN 27/12/19 eftpos,-20.15,transaction
CUSC WOOLWORTHS 3307\HAWT HORN VIC 19/08/19 eftpos,-25,transaction
DAHLSENS BUILDING CE MYRTLEFORD EFTPOS Purchase - Receipt 13008 Date 12 Jan 2019 Time 12:18PM Card xxxxxxxxxxxx9172,-87.99,transaction
DAIMEON TODD MILTON WE ST IPSWICH EFTPOS Purchase - Receipt 28592 Date 07 Feb 2019 Time 5:36PM Card xxxxxxxxxxxx7857,-23,savings
DAISO INDUSTRIES Visa Purchase - Receipt 160794 In REDBANK PLAI Date 05 Dec 2018 Card xxxxxxxxxxxx7857,-21,savings
David Fyfe anz credit card Osko Payment to 014271 461820319 - Receipt 331434 - Ref Number NOTPROVIDED,-460,savings
David Fyfe Transfer to 923100 0035326002 - Receipt 358241,-80.62,savings
DC- Airport Retail EnteEa gle Farm 0 Receipt 2136 ATM owner fee of $2.90 charged by DC- Airport Retail EnteEa gle Farm 0 Date 26 Dec 2018 Time 2:24PM Card xxxxxxxxxxxx5999,-502.9,transaction
DCP-Chillingham VillageCh illingham 0 Receipt 5884 ATM owner fee of $2.90 charged by DCP-Chillingham VillageCh illingham 0 Date 23 Jan 2019 Time 11:06AM Card xxxxxxxxxxxx1337,-22.9,savings
DCP-Jimboomba Ji mboomba 0 Receipt 9514 ATM owner fee of $2.50 charged by DCP-Jimboomba Ji mboomba 0 Date 30 Jan 2019 Time 5:39PM Card xxxxxxxxxxxx5999,-22.5,transaction
DCP-Spar Express Up per Coomera0 Receipt 7296 ATM owner fee of $2.90 charged by DCP-Spar Express Up per Coomera0 Date 01 Jan 2019 Time 3:15PM Card xxxxxxxxxxxx4237,-102.9,transaction
DCP-Worongary Village Wo rongary 0 Receipt 4087 ATM owner fee of $2.80 charged by DCP-Worongary Village Wo rongary 0 Date 03 Mar 2019 Time 2:30PM Card xxxxxxxxxxxx5999,-152.8,transaction
DE mortgage Transfer to Paul Watson Fiona Bittlestone - Receipt 26868 To 633000 153292065,-820,transaction
DEBIT CARD PURCHASE - BICKENBACH Springvale VIC,-10.1,credit-card
DEBIT CARD PURCHASE - Lawyers Melbourne VIC,-10.1,credit-card
DEBIT CARD PURCHASE - Newcastle Kotara NSW,-10.1,credit-card
DEBIT CARD PURCHASE 's Engine Worx Campbellfield VIC,-10.1,credit-card
DEBIT CARD PURCHASE ( Le) Poiss on R ouge New York NY,-10.1,credit-card
DEBIT CARD PURCHASE @ Yack Yackandandah VIC,-10.1,credit-card
DEBIT CARD PURCHASE / Hills Direct Alarm Supplies Fyshwick ACT,-10.1,credit-card
DEBIT CARD PURCHASE & Air Solutions Mica Creek QLD,-10.1,credit-card
DEBIT CARD PURCHASE & Allied Mooroolbark Melbourne VIC,-10.1,credit-card
DEBIT CARD PURCHASE & Bike Northbridge WA,-10.1,credit-card
DEBIT CARD PURCHASE & Coote Wetherill Park NSW,-10.1,credit-card
DEBIT CARD PURCHASE & District Woodworkers Guild Portsmith QLD,-10.1,credit-card
DEBIT CARD PURCHASE & Ford Dalby QLD,-10.1,credit-card
DEBIT CARD PURCHASE & Northey Sales Cunderdin WA,-10.1,credit-card
DEBIT CARD PURCHASE & Partners Winton QLD,-10.1,credit-card
DEBIT CARD PURCHASE 1 921 Hai r Burwood Heights NSW,-10.1,credit-card
DEBIT CARD PURCHASE 1 982 Es presso Subiaco WA,-10.1,credit-card
DEBIT CARD PURCHASE 121 Canno nvale R ainforest Ce ntre Cannonvale QLD,-10.1,credit-card
DEBIT CARD PURCHASE 121 Cannonvale Rainforest Centre Cannonva le QLD,-10.1,credit-card
DEBIT CARD PURCHASE 13 00-Dial-Me Subiaco WA,-10.1,credit-card
DEBIT CARD PURCHASE 1300-Dial-Me Subiaco WA,-10.1,credit-card
DEBIT CARD PURCHASE 1921 Hair Burwood Heights NSW,-10.1,credit-card
DEBIT CARD PURCHASE 1982 Espresso Subiaco WA,-10.1,credit-card
DEBIT CARD PURCHASE 2306 Windale NSW,-10.1,credit-card
DEBIT CARD PURCHASE 2nd Life Furniture Maryborough QLD,-10.1,credit-card
DEBIT CARD PURCHASE 3 Addictions Neutral Bay NSW,-10.1,credit-card
DEBIT CARD PURCHASE 360 fitness group Gordonvale QLD,-10.1,credit-card
DEBIT CARD PURCHASE 360 group Gordonvale QLD,-10.1,credit-card
DEBIT CARD PURCHASE 4 8 Wa tt S t Newcastle NSW,-10.1,credit-card
DEBIT CARD PURCHASE 4 Ki Coffe & Food Anglesea,-10.1,credit-card
DEBIT CARD PURCHASE 4 Kings Coffee & Food Anglesea VIC,-10.1,credit-card
DEBIT CARD PURCHASE 48 Watt St Newcastle NSW,-10.1,credit-card
DEBIT CARD PURCHASE 4U Accountants Yatala QLD,-10.1,credit-card
DEBIT CARD PURCHASE 52 On Mort Lithgo NSW,-10.1,credit-card
DEBIT CARD PURCHASE All Tint Window Tinting Strathpine QLD,-10.1,credit-card
DEBIT CARD PURCHASE All Zappas Waverley NSW,-10.1,credit-card
DEBIT CARD PURCHASE Allan's Screens & Blinds South WindsorNSW,-10.1,credit-card
DEBIT CARD PURCHASE Allcott Hire Pty Ltd CharmhavenNSW,-10.1,credit-card
DEBIT CARD PURCHASE Allcraft Automotives Moorabbin VIC,-10.1,credit-card
DEBIT CARD PURCHASE Allen David G Assoc Professor Heidelberg VIC,-10.1,credit-card
DEBIT CARD PURCHASE Allied Earthmoving PTY Ltd. Gumda le QLD,-10.1,credit-card
DEBIT CARD PURCHASE Allmake Washer Repairs Glenelg East SA,-10.1,credit-card
DEBIT CARD PURCHASE Allrad Imaging Solutions PTY Ltd. Dandenong VIC,-10.1,credit-card
DEBIT CARD PURCHASE Allure Hair Retreat Trigg WA,-10.1,credit-card
DEBIT CARD PURCHASE Ally Fashion Aitkenvale QLD,-10.1,credit-card
DEBIT CARD PURCHASE ALS Mechanical Repairs PTY Ltd. Penshurst NSW,-10.1,credit-card
DEBIT CARD PURCHASE Altec Patio Builders Brisbane Seventeen Mile Rocks QLD,-10.1,credit-card
DEBIT CARD PURCHASE Amalgamated Pest Control Townsville Currajong QLD,-10.1,credit-card
DEBIT CARD PURCHASE Amazing Smiles Strathpine Dentist Strathpine QLD,-10.1,credit-card
DEBIT CARD PURCHASE AMCO Migration Consultant Services Melbourne VIC,-10.1,credit-card
DEBIT CARD PURCHASE An khang butcher & seafood Inala QLD,-10.1,credit-card
DEBIT CARD PURCHASE Andrew Cartmill Spring Hill QLD,-10.1,credit-card
DEBIT CARD PURCHASE Andrew Rose Bespoke Jewellery Montmorency VIC,-10.1,credit-card
DEBIT CARD PURCHASE Angelus Enterprises PTY Ltd. West Perth WA,-10.1,credit-card
DEBIT CARD PURCHASE Adelaide Aikido Club (Colonel Light Gardens) Colonel Light Gardens SA,-10.1,credit-card
DEBIT CARD PURCHASE Adelaide Applied Physiotherapy,-10.1,credit-card
DEBIT CARD PURCHASE Adora Handmade Chocolates Rose NSW,-10.1,credit-card
EXCESS USAGE CHARGE,-15,credit-card
Experience Oz Visa Purchase - Receipt 178782 In 0755922233 Date 07 Jul 2019 Card xxxxxxxxxxxx5999,-129,transaction
Explore & Develo Direct Debit - Receipt 149778 A00332DY0NUU,-741.21,transaction
EXPRESS MOTORCYCLES P/ Visa Purchase - Receipt 191857 In WEST IPSWICH Date 31 Aug 2019 Card xxxxxxxxxxxx1337,-44.95,savings
Ext Tfr - NET#883755717 to 304480452 Martin Management Pty Ltd Property Managem,-20,credit-card
EZI*You Can Dance Pty Visa Purchase - Receipt 199406 In Emu Plains Date 26 Jul 2019 Card xxxxxxxxxxxx3306,-157.39,transaction
FAST WOK PTY LTD Visa Purchase - Receipt 128183 In MERMAID WATE Date 08 Jan 2019 Card xxxxxxxxxxxx9344,-40.8,transaction
FASTWAY NSW PTY LTD NORTH SYDNEY AUS Tap and Pay xx6620 Value Date: 17/10/2018,-2.95,transaction
FAUSTO PTY LTD Visa Purchase - Receipt 181817 In GLENMORE PAR Date 19 Feb 2019 Card xxxxxxxxxxxx7915,-8,transaction
FDB'S RETAIL VARIETY Visa Purchase - Receipt 159935 In BOOVAL Date 28 Apr 2019 Card xxxxxxxxxxxx9772,-11.98,savings
FEAST ON FRUIT Visa Purchase - Receipt 101536 In MORNINGSIDE Date 25 Jul 2019 Card xxxxxxxxxxxx1337,-2.53,savings
FENCE WORLD PTY LTD CA BOOLTURE QLD EFTPOS Purchase - Receipt 19180 Date 11 Apr 2019 Time 2:48PM Card xxxxxxxxxxxx1337,-182,savings
GREKOS GOURMET PTY LTD Visa Purchase - Receipt 130559 In GLENMORE PAR Date 06 Sep 2019 Card xxxxxxxxxxxx7915,-26,transaction
GREY GUM INTL CAFE Visa Purchase - Receipt 164577 In PUTTY Date 03 Apr 2019 Card xxxxxxxxxxxx7915,-10,transaction
HANJA PTY. LTD. Visa Purchase - Receipt 178776 In MELBOURNE Date 05 Jul 2019 Card xxxxxxxxxxxx4237,-19.64,transaction
HANNOS COUNTRY BUTCHER Visa Purchase - Receipt 121494 In NORTH MACLEA Date 23 Feb 2019 Card xxxxxxxxxxxx4237,-60.7,transaction
INTERPARK AUSTRALIA Visa Purchase - Receipt 121810 In BELLA VISTA Date 12 Mar 2019 Card xxxxxxxxxxxx8240,-2,transaction
INTL TRANSACTION FEE AUD 28.75,-20,credit-card
iou Internal Transfer - Receipt 540579 Savings Maximiser 0047378206,100,savings
IPLAY Visa Purchase - Receipt 106375 In BROADBEACH Date 14 Jan 2019 Card xxxxxxxxxxxx9344,-40,transaction
IPSWICH CARPET COURT Visa Purchase - Receipt 161880 In BUNDAMBA Date 20 Jul 2019 Card xxxxxxxxxxxx9772,-1420,savings
IPSWICH CIVIC HALL Visa Purchase - Receipt 158745 In IPSWICH Date 12 Mar 2019 Card xxxxxxxxxxxx1337,-65,savings
IPSWICH DAY&NGHT CHE Visa Purchase - Receipt 138519 In IPSWICH Date 23 Mar 2019 Card xxxxxxxxxxxx9772,-9.95,savings
IVANHOE HOTEL MANLY NS AUS Tap and Pay xx6620 Value Date: 25/09/2018,-22,transaction
J & S HOLDING CO PL Visa Purchase - Receipt 199239 In BROADBEACH Date 19 Jan 2019 Card xxxxxxxxxxxx9315,-12.8,transaction
JABADAB PTY LTD Visa Purchase - Receipt 188438 In BROWNS PLAIN Date 31 Dec 2018 Card xxxxxxxxxxxx5999,-29.95,transaction
JACK HORNER GROUP PT Visa Purchase - Receipt 138799 In JAMISONTOWN Date 18 Feb 2019 Card xxxxxxxxxxxx8240,-78.9,transaction
Janeya Phill Fiji Cruise Internal Transfer - Receipt 31730 Savings Maximiser 0082000232,-220,transaction
JAY JAYS C79 Visa Purchase - Receipt 120675 In REDBANK Date 02 Mar 2019 Card xxxxxxxxxxxx7857,-71.95,savings
JIMBOOMBA COMMERCIAL CTR JIMBOOMBA Receipt 589876 ATM owner fee of $0.00 charged by JIMBOOMBA COMMERCIAL CTR JIMBOOMBA Date 01 Mar 2019 Time 9:33AM Card xxxxxxxxxxxx5999,-1000,transaction
Jimmy Rods Gabba Visa Purchase - Receipt 109332 In Woolloongabb Date 17 Jan 2019 Card xxxxxxxxxxxx1337,-32.5,savings
JLM Preschool PTY lTD Osko Payment to 062820 10197589 - Receipt 325392 - Ref Number NOTPROVIDED,-50,transaction
JOAN SUTHERLAND PERF Visa Purchase - Receipt 137984 In PENRITH Date 11 Nov 2018 Card xxxxxxxxxxxx3306,-56,transaction
JOGERICH PTY LTD Visa Purchase - Receipt 131345 In IPSWICH Date 27 Jan 2019 Card xxxxxxxxxxxx7857,-29.99,savings
JPAR INVESTMENTS PTY Visa Purchase - Receipt 199373 In MELBOURNE Date 07 Feb 2019 Card xxxxxxxxxxxx0985,-5,transaction
JUAN FIFTY PTY LTD Visa Purchase - Receipt 173182 In ALEXANDRA HE Date 24 May 2019 Card xxxxxxxxxxxx1337,-44,savings
Knotts Crossing Reso Katherine TAP AND PAY 3867,-16.5,credit-card
KOALA SLEEP Visa Purchase - Receipt 121861 In ALEXANDRIA Date 27 Oct 2018 Card xxxxxxxxxxxx7915,-1050,transaction
KOBE JONES SYDNEY PT SYDNEY EFTPOS Purchase - Receipt 30076 Date 31 Dec 2018 Time 7:46PM Card xxxxxxxxxxxx7847,-226.25,transaction
KUNKAT PTY LTD Visa Purchase - Receipt 136249 In JIMBOOMBA Date 31 Jul 2019 Card xxxxxxxxxxxx5999,-35.85,transaction
KYTAY P/L Visa Purchase - Receipt 133533 In PENRITH Date 10 Mar 2019 Card xxxxxxxxxxxx3306,-78.4,transaction
LENAS GOURMET KIOSK Visa Purchase - Receipt 191444 In SYDNEY Date 20 Dec 2018 Card xxxxxxxxxxxx9344,-7,transaction
LIFELINE CLEVELAND Visa Purchase - Receipt 174439 In CLEVELAND Date 13 Aug 2019 Card xxxxxxxxxxxx7857,-22,savings
LIMELIGHT IPSWICH PTY Visa Purchase - Receipt 158278 In NORTH IPSWIC Date 21 May 2019 Card xxxxxxxxxxxx1337,-21.4,savings
LIN JIA NEWS KIOSK SYDNEY NS AUS Tap and Pay xx6620 Value Date: 16/10/2018,-6,transaction
LINKT ACCT PAYT SYDNEY AUS Card xx3658 Value Date: 24/11/2018,-1.5,transaction
Lukeyfix Appliance Repairs fridge repair Osko Payment to 633000 164500779 - Receipt 211081 - Ref Number NOTPROVIDED,-161.5,transaction
LUNA PARK SYDNEY PTY Visa Purchase - Receipt 125456 In MILSONS POIN Date 31 Dec 2018 Card xxxxxxxxxxxx9344,-5,transaction
M JHENG & F LI Visa Purchase - Receipt 199788 In PENRITH Date 05 May 2019 Card xxxxxxxxxxxx3306,-12.5,transaction
MAIDENWELL HOTEL Visa Purchase - Receipt 120307 In MAIDENWELL Date 19 Aug 2019 Card xxxxxxxxxxxx1337,-48.6,savings
MALLANGANEE HOTEL&PB Visa Purchase - Receipt 129868 In MALLANGANEE Date 22 Jan 2019 Card xxxxxxxxxxxx1337,-15.2,savings
MARLEYSPOON.COM.AU ALEXANDRIA NS AUS Card xx7709 Value Date: 06/08/2018,-79,transaction
MARUHAN PTY LTD HAYMARKET AU Card xx7977,-7,transaction
Matt Bull Window Tinti Visa Purchase - Receipt 131145 In NEWTOWN Date 13 Aug 2019 Card xxxxxxxxxxxx7857,-77,savings
MBaker Transfer to Brian Glasgow - Receipt 688356 To 032570 395813,-3000,transaction
MC deposit kitchen update BPAY Bill Payment - Receipt 225753 To Qantas Credit Cards 5268797470404697,-1400,transaction
MK TRAINING SOLUTIONS Visa Purchase - Receipt 154356 In BEAUDESERT Date 09 Feb 2019 Card xxxxxxxxxxxx5999,-30,transaction
MOBIL JIMBOOMBA JIMBOOMBA EFTPOS Purchase - Receipt 1644 Date 19 Jun 2019 Time 5:39PM Card xxxxxxxxxxxx5999,-180,transaction
Momo Bar Manly NS AUS Tap and Pay xx6620 Value Date: 19/10/2018,-15.9,transaction
MONDAYTOSUNDAY PTY. MOSMAN AUS Card xx7709 Value Date: 04/08/2018,-9,transaction
MR PHONE PTY LTD Visa Purchase - Receipt 179333 In NORTH IPSWIC Date 09 Nov 2018 Card xxxxxxxxxxxx7857,-25,savings
MR TOYS Visa Purchase - Receipt 129110 In IPSWICH Date 05 Oct 2018 Card xxxxxxxxxxxx2812,-4.99,savings
MUFFIN BREAK PENRITH Visa Purchase - Receipt 155859 In PENRITH Date 19 Jul 2019 Card xxxxxxxxxxxx7915,-13.8,transaction
MULLEIN PHARMACY SPR Visa Purchase - Receipt 186044 In SPRINGFIELD Date 27 Oct 2018 Card xxxxxxxxxxxx9772,-5.47,savings
NATA ENTERPRISES PTY Visa Purchase - Receipt 138604 In TUGGERAH Date 07 Nov 2018 Card xxxxxxxxxxxx5999,-20.1,transaction
NATM AUTOMOTIVE PTY Visa Purchase - Receipt 172995 In BROOKVALE Date 05 Jan 2019 Card xxxxxxxxxxxx9344,-1465.15,transaction
Now Healthy Visa Purchase - Receipt 146479 In Forest Lake Date 10 Sep 2019 Card xxxxxxxxxxxx7857,-12.45,savings
NTH IPSWICH NTH IPSWICH - RIVERLINK S Receipt 34608 ATM owner fee of $0.00 charged by NTH IPSWICH NTH IPSWICH - RIVERLINK S Date 04 Jul 2019 Time 7:37PM Card xxxxxxxxxxxx1337,-50,savings
OCEAN SUSHI DEE WHY NS AUS Card xx3658 Value Date: 19/10/2018,-12.5,transaction
OLLEY'S ORANGE Visa Purchase - Receipt 198794 In NORTH MACLEA Date 23 Feb 2019 Card xxxxxxxxxxxx4237,-10.4,transaction
ONE STOP WATCH & SHO Visa Purchase - Receipt 166808 In BROWNS PLAIN Date 15 Jul 2019 Card xxxxxxxxxxxx5999,-36.9,transaction
PACIFIC SMILES GROU BR OWNS PLAINS EFTPOS Purchase - Receipt 15744 Date 03 Apr 2019 Time 10:24AM Card xxxxxxxxxxxx5999,-150,transaction
PAVEL & CO SYDNEY NS AUS Tap and Pay xx6620 Value Date: 17/10/2018,-3,transaction
PAY AMP LIFE LIMITED,-471.31,transaction
PAYW BIG W 0282 SPRINGFIELD 28/07/19 Card Purchase,-18,savings
PAYW BP WATERFORD 1653 WATERFORD 24/07/19 Card Purchase,-31.5,savings
PAYW CALTEX YARRABILBA YARRABILBA 15/09/19 Card Purchase,-50,savings
PAYW CHEMIST WAREHOUSE BLACKTOWN 01/12/19 Card Purchase,-31.47,transaction
PAYW COLES EXPRESS 2133 TANNUM SANDS 16/03/19 Card Purchase,-2.2,savings
PAYW EG FUELCO 1540 CHULLOR CHULLORA 05/08/19 Card Purchase,-42.49,transaction
PAYW PRICELINE MORAYFIELD MORAYFIELD 11/10/19 Card Purchase,-8.99,transaction
PAYW SHELL ALDERLEY ALDERLEY 29/12/19 Card Purchase,-14.97,transaction
PAYW TARGET 5010 EARLVILLE 11/05/19 Card Purchase,-77,transaction
PAYW TARGETC 6408 CLIFTON BCH 30/01/20 Card Purchase,-24,transaction
PAYW WOOLWORTHS 1056 NARRABEEN 04/07/19 Card Purchase,-30.7,transaction
PENRITH MAZDA CENTRE JAMISONTOWN EFTPOS Purchase - Receipt 83567 Date 18 Apr 2019 Time 11:50AM Card xxxxxxxxxxxx3306,-342,transaction
PENRITH PANTHERS STA Visa Purchase - Receipt 190866 In PENRITH Date 17 Mar 2019 Card xxxxxxxxxxxx7915,-33.5,transaction
PENRITH RASHAYS Visa Purchase - Receipt 180210 In PENRITH Date 31 Jan 2019 Card xxxxxxxxxxxx7915,-53,transaction
PHARMPRO QLD PTY LTD Visa Purchase - Receipt 149514 In FLINDERS VIE Date 17 Jan 2019 Card xxxxxxxxxxxx1337,-3.99,savings
POS #001731-KMART 1111 TRARALGON AU,-23.15,transaction
POS #002339-COLES 5588 KIRRAWEE AU,-13.3,transaction
POS #183707 - COLES 4964 ADELAIDE AU 0861,-22.3,transaction
POS Including Cash Out#063537-WOOLWORTHS 3208\MORWELL VIC AU,-53.6,transaction
POS purchase005193/0129165258 CALTEX STARMART GOODNA AU,-30,savings
POS purchase006297/0315161447 BIG W 0266 CAPALABA AU,-80.25,savings
POS purchase006538/0121160816 BP EXPRESS 7048 MT WARREN PK AU,-25.02,savings
POS purchase006595/0619112812 PLINE PH CABOOLTURE 0457 CABOOLTURE,-11.99,savings
POS purchase007249/0603093340 BP KENNEDY DRIVE 460TWEED HEADS AU,-40,savings
POS#092421-COLES EXPRESS 6956 MEEKATHARRA AU,-3,transaction
POS#103685-WOOLWORTHS 4330\HARVEST LAKE WA AU,-21.3,transaction
POS#107570-COLES EXPRESS 1927 DEERAGUN AU,-29.54,transaction
POST BEAUDESERT-RET BE Visa Purchase - Receipt 137228 In BEAUDESERT Date 26 Jun 2019 Card xxxxxxxxxxxx5999,-8.55,transaction
POST Booval Fair Bo Visa Purchase - Receipt 138165 In BOOVAL Date 24 Jan 2019 Card xxxxxxxxxxxx1337,-61.3,savings
POST BRIGHT LPO BR IGHT V EFTPOS Purchase - Receipt 3538 Date 14 Jan 2019 Time 10:45AM Card xxxxxxxxxxxx9172,-22.35,transaction
POST GLENMORE PARK LGL Visa Purchase - Receipt 106834 In GLENMORE PAR Date 29 Mar 2019 Card xxxxxxxxxxxx8240,-38.3,transaction
Postmart Plus Visa Purchase - Receipt 160655 In Melbourne Date 20 Dec 2018 Card xxxxxxxxxxxx9809,-6,transaction
PP*FARDONATION Visa Purchase - Receipt 124350 In ALBANY CREEK Date 08 Sep 2019 Card xxxxxxxxxxxx1337,-10,savings
PP*KING Visa Purchase - Receipt 114192 In BUFF POINT Date 11 Nov 2018 Card xxxxxxxxxxxx4237,-10.5,transaction
PRICELINE PHRMCY GTWY BEELIAR AUS Card xx8940 Value Date: 06/04/2019,-30.92,transaction
PROFESSIONAIL WESTFIEL Visa Purchase - Receipt 174367 In SYDNEY Date 28 Dec 2018 Card xxxxxxxxxxxx9344,-70,transaction
PROVENDER HOLDINGS AUS Visa Purchase - Receipt 109318 In WATERLOO Date 28 Mar 2019 Card xxxxxxxxxxxx7857,-4.4,savings
PUMA CITISWICH Visa Purchase - Receipt 147711 In BUNDAMBA Date 01 Oct 2018 Card xxxxxxxxxxxx2812,-42.53,savings
Purchase at BP 2GO WANAKA - NZD 89.68,-84.43,transaction
Q SUPERCENTRE AMCAL Visa Purchase - Receipt 172993 In MERMAID WATE Date 06 Jan 2019 Card xxxxxxxxxxxx9315,-13.99,transaction
QAL FINANCE PTY LTD Visa Purchase - Receipt 102135 In BILINGA Date 01 Feb 2019 Card xxxxxxxxxxxx9344,-25,transaction
QANTAS AIRWA0812493248089 Visa Purchase - Receipt 175781 In MASCOT Date 23 Mar 2019 Card xxxxxxxxxxxx4237,-211.8,transaction
QKP*EMF Performance Ce Visa Purchase - Receipt 161915 In Robina Date 31 Jan 2019 Card xxxxxxxxxxxx9344,-45.85,transaction
QUEEN ST STORE PL Visa Purchase - Receipt 106367 In MELBOURNE Date 30 Mar 2019 Card xxxxxxxxxxxx4237,-11,transaction
QUEEN ST STORE PL Visa Purchase - Receipt 167968 In MELBOURNE Date 18 Dec 2018 Card xxxxxxxxxxxx4237,-17.48,transaction
QUEENSLAND MUSEUM Visa Purchase - Receipt 149941 In SOUTH BRISBA Date 30 Jun 2019 Card xxxxxxxxxxxx4237,-46,transaction
QUEENSLAND URBAN UTI Visa Purchase - Receipt 176693 In FORTITUDE VA Date 02 Apr 2019 Card xxxxxxxxxxxx1337,-264.77,savings
QUICK EASY CAR WASH GARBUTT QL AUS Card xx9968 Value Date: 16/02/2019,-20.4,transaction
RADISSON RESORT Visa Purchase - Receipt 115633 Foreign Currency Amount: FJD 198.00 In NADI Date 13 Jun 2019 Card xxxxxxxxxxxx4832,-135.74,credit-card
Radley's Metcentre Sydney TAP AND PAY 7745,-11,credit-card
Railway Hotel Beaudes Visa Purchase - Receipt 185884 In Beaudesert Date 09 Aug 2019 Card xxxxxxxxxxxx5999,-50,transaction
RAINBOW CITY PLAY BA HILLCREST EFTPOS Purchase - Receipt 7367 Date 31 Aug 2019 Time 12:38PM Card xxxxxxxxxxxx5999,-5.15,transaction
RAMSON TRADING PTY L Visa Purchase - Receipt 179572 In MELBOURNE Date 06 May 2019 Card xxxxxxxxxxxx4237,-21,transaction
RARE MIDTOWN Visa Purchase - Receipt 113475 In MELBOURNE Date 09 Jan 2019 Card xxxxxxxxxxxx4237,-46,transaction
RASHAYS IPSWICH P/L Visa Purchase - Receipt 187181 In NORTH IPSWIC Date 16 Jan 2019 Card xxxxxxxxxxxx7857,-37,savings
RASOI MASTER Visa Purchase - Receipt 167078 In SOUTHPORT Date 19 Feb 2019 Card xxxxxxxxxxxx9344,-26.85,transaction
rates for Leichhardt BPAY Bill Payment - Receipt 609139 To IPSWICH CITY COUNCIL 471303,-462.6,savings
RAZOR BROS BARBER SH Visa Purchase - Receipt 148761 In YARRABILBA Date 04 Sep 2019 Card xxxxxxxxxxxx5999,-18,transaction
RCT CATERING Visa Purchase - Receipt 148936 In WARRAGAMBA Date 20 Dec 2018 Card xxxxxxxxxxxx3306,-43,transaction
READINGENTERTAINMENT Visa Purchase - Receipt 130601 In SOUTH MELBOU Date 19 Dec 2018 Card xxxxxxxxxxxx7915,-58.4,transaction
REAL FF PTY LTD Visa Purchase - Receipt 176410 In SOUTH MELBOU Date 21 Feb 2019 Card xxxxxxxxxxxx4237,-13.9,transaction
REAL SOLUTION CORPOR Visa Purchase - Receipt 125462 In MANLY Date 01 Jan 2019 Card xxxxxxxxxxxx9344,-15.8,transaction
RESTAURANT SUDA Visa Purchase - Receipt 154234 In MELBOURNE Date 01 Feb 2019 Card xxxxxxxxxxxx0985,-21,transaction
RETSIL TAXI SERVICE Visa Purchase - Receipt 198565 In BERKELEY VAL Date 24 Nov 2018 Card xxxxxxxxxxxx4237,-26.7,transaction
RHUM-BA-LIMITED Visa Purchase - Receipt 146759 Foreign Currency Amount: 0.00 In NADI Date 06 Jun 2019 Card xxxxxxxxxxxx4832,-1456.49,credit-card
ROLLD GATEWAY SYDNEY NS AUS Tap and Pay xx6620 Value Date: 09/10/2018,-10.4,transaction
Ruby Chews POS Visa Purchase - Receipt 119961 In North Ipswic Date 21 May 2019 Card xxxxxxxxxxxx1337,-14.5,savings
RX INTERNATIONAL P/L Visa Purchase - Receipt 147416 In SOUTH BRISBA Date 30 Jun 2019 Card xxxxxxxxxxxx4237,-6,transaction
S&S PENRITH Visa Purchase - Receipt 127098 In PENRITH Date 21 Jun 2019 Card xxxxxxxxxxxx7915,-69.95,transaction
SAHARA GRILL PTY LTD Visa Purchase - Receipt 185427 In MASCOT Date 12 Nov 2018 Card xxxxxxxxxxxx4237,-17,transaction
SMOKEMART - TUGGERAH Visa Purchase - Receipt 165242 In TUGGERAH Date 06 Dec 2018 Card xxxxxxxxxxxx5999,-49.95,transaction
SMP*Flessers Bakery Ca nungra04 EFTPOS Purchase - Receipt 6292 Date 06 May 2019 Time 11:37AM Card xxxxxxxxxxxx5999,-25.1,transaction
SNACKS R US VENDING Visa Purchase - Receipt 139273 In WILLIAMSTOWN Date 20 Feb 2019 Card xxxxxxxxxxxx4237,-2.7,transaction
SP * MYHOUSEAU Visa Purchase - Receipt 103779 In BOTANY Date 22 Oct 2018 Card xxxxxxxxxxxx3306,-239.9,transaction
SPAR EXPRESS UPPER COO Visa Purchase - Receipt 120836 In UPPER COOMER Date 01 Jan 2019 Card xxxxxxxxxxxx4237,-4.98,transaction
SPAR TEXAS Visa Purchase - Receipt 120308 In TEXAS Date 20 Aug 2019 Card xxxxxxxxxxxx1337,-11.59,savings
Specialist Clin Phmcy Visa Purchase - Receipt 179351 In Kingswood Date 29 Jul 2019 Card xxxxxxxxxxxx3306,-45.98,transaction
spider rego BPAY Bill Payment - Receipt 59890 To TMR REG RENEW 48173 8507,-185.8,savings
SPIRIT HOTELS Visa Purchase - Receipt 101516 In SPRINGFIELD Date 06 Sep 2019 Card xxxxxxxxxxxx7857,-16.8,savings
SQ *XPRESSO MOBILE CAF Visa Purchase - Receipt 181212 In Horsley Park Date 15 Apr 2019 Card xxxxxxxxxxxx8240,-4.5,transaction
SRDAN SAVIC Osko Payment to +61-401597520 - Receipt 298244 - Ref Number NOTPROVIDED,-0.12,transaction
SSP HOKKA HOKKA T2 Visa Purchase - Receipt 181359 In MASCOT Date 17 Dec 2018 Card xxxxxxxxxxxx4237,-19.9,transaction
SUPER CHEAP AUTO GARBUTT QL AUS Card xx9968 Value Date: 20/01/2019,-51.98,transaction
Super Value Varietie Brookvale TAP AND PAY 7745,-16.5,credit-card
SUPERCHEAP AUTO BEAU Visa Purchase - Receipt 141445 In BEAUDESERT Date 17 Jun 2019 Card xxxxxxxxxxxx4237,-27.58,transaction
SWAMINARAYAN GROUP E Visa Purchase - Receipt 182011 In IPSWICH Date 31 Oct 2018 Card xxxxxxxxxxxx7857,-32.5,savings
SWEET & SHORT (VIC) Visa Purchase - Receipt 129398 In MELBOURNE Date 14 Dec 2018 Card xxxxxxxxxxxx4237,-12,transaction
Swimmers Internal Transfer - Receipt 641489 Orange One Platinum 0090258056,-80,transaction
Syd Aprt Dom Carp54 Visa Purchase - Receipt 183304 In Sydney Date 07 Jan 2019 Card xxxxxxxxxxxx9315,-9.5,transaction
T and C Lang Hens Toni Taylor Osko Payment to 082778 115477116 - Receipt 490533 - Ref Number NOTPROVIDED,-160,transaction
T Gemmel H Ropata MBaker Osko Payment to 014720 410859897 - Receipt 543014 - Ref Number NOTPROVIDED,-600,transaction
TANGS SPICY HOT POT Visa Purchase - Receipt 199432 In MELBOURNE Date 15 Nov 2018 Card xxxxxxxxxxxx4237,-19.1,transaction
TAPPOO LTD T/A W H S Visa Purchase - Receipt 165995 Foreign Currency Amount: FJD 16.40 In NADI Date 15 Jun 2019 Card xxxxxxxxxxxx3306,-11.2,transaction
TARONGA CONSERVATION S MOSMAN NS AUS Tap and Pay xx6620 Value Date: 14/10/2018,-9,transaction
TARTT PTY LTD Visa Purchase - Receipt 184046 In FORSTER Date 15 Dec 2018 Card xxxxxxxxxxxx7915,-67,transaction
TASDEMIR PTY LTD Visa Purchase - Receipt 110482 In GLENMORE PAR Date 16 Mar 2019 Card xxxxxxxxxxxx7915,-15.5,transaction
Tax n Super Internal Transfer - Receipt 522693 Savings Maximiser 0047832015,-400,transaction
TAXI EPAY AUSTRALIA Visa Purchase - Receipt 161206 In WEST MELBOUR Date 06 Dec 2018 Card xxxxxxxxxxxx4237,-23.02,transaction
TB FOOD SERVICES Visa Purchase - Receipt 129392 In BRISBANE AIR Date 28 Apr 2019 Card xxxxxxxxxxxx4237,-11,transaction
TD BANK Visa Cash Withdrawal - Receipt 178108 Foreign Currency Amount: CAD 153.00 In Vancouver Date 08 Feb 2019 Card xxxxxxxxxxxx9809,-162.95,transaction
TFNSW RAIL MASCOT EFTPOS Purchase - Receipt 114989 Date 31 Dec 2018 Time 8:54AM Card xxxxxxxxxxxx7847,-20,transaction
The Bright Bookshop Visa Purchase - Receipt 172918 In Bright Date 31 Jan 2019 Card xxxxxxxxxxxx7924,-26.99,credit-card
The Cat Clinic Hobart New Town TAP AND PAY 3867,-81,credit-card
TOPLINE HAIRDRESSERS 163617238424,-15,transaction
TOWRADGI BEACH HOTEL Visa Purchase - Receipt 155858 In TOWRADGI Date 18 Jul 2019 Card xxxxxxxxxxxx7915,-28.5,transaction
TPH GROUP PTY LTD MONA VALE AUS Card xx7977 Value Date: 23/01/2020,-6.95,transaction
TRANSPORTMAINRDS Visa Purchase - Receipt 197895 In BRISBANE Date 05 Aug 2019 Card xxxxxxxxxxxx5999,-139.92,transaction
TravelOnline PTY LTD TOCS264519 TAYLOR/G MR/T MRS Osko Payment to 064835 10000915 - Receipt 869264 - Ref Number NOTPROVIDED,-1000,transaction
TZ REDBANK PLAINS PL Visa Purchase - Receipt 136438 In IPSWICH Date 29 Jul 2019 Card xxxxxxxxxxxx7857,-4.8,savings
VANGUARD INVESTMENTS CommBank app BPAY 5 020400528948,-200,transaction
VANTAGE FUELS 6916 Visa Purchase - Receipt 112136 In HEALESVILLE Date 01 Feb 2019 Card xxxxxxxxxxxx9267,-31.15,transaction
VEGAN GOURMET Visa Purchase - Receipt 193295 In INALA Date 09 Aug 2019 Card xxxxxxxxxxxx1337,-34,savings
VENETO STORE PTY LTD Visa Purchase - Receipt 190424 In MELBOURNE Date 06 Feb 2019 Card xxxxxxxxxxxx4237,-14.48,transaction
VESPACIFIC CAFE NARRABEEN AUS Tap and Pay xx6620 Value Date: 13/10/2018,-4,transaction
VETCALL MERMAID WATE Visa Purchase - Receipt 134318 In MERMAID WATE Date 06 Feb 2019 Card xxxxxxxxxxxx9344,-157.36,transaction
VICTORIA RACING CLUB Visa Purchase - Receipt 160892 In FLEMINGTON Date 12 Jan 2019 Card xxxxxxxxxxxx9267,-25,transaction
VILLAGE GOLF AUSTRALIA Visa Purchase - Receipt 106376 In SOUTH YARRA Date 14 Jan 2019 Card xxxxxxxxxxxx9344,-168,transaction
virago sold money Internal Transfer - Receipt 852456 Orange Everyday 0035326002,800,savings
Visa Purchase 03Mar Chemist Warehouse Athelston,-19.77,transaction
Visa Purchase 03May Caltex Carnegie Carnegie,-25,transaction
Visa Purchase 03Nov Jb Hi Fi Westlakes West Lake,-29.92,transaction
Visa Purchase 19Feb Bp East Ballan 6844 Ballan,-5.5,transaction
VW FINANCE Direct Debit - Receipt 122839 00649550,-431.77,transaction
WADALBA NEWSAGENCY Visa Purchase - Receipt 175190 In WADALBA Date 20 Nov 2018 Card xxxxxxxxxxxx5999,-15.75,transaction
WARRAGAMBA WORKERS Visa Purchase - Receipt 148938 In WARRAGAMBA Date 20 Dec 2018 Card xxxxxxxxxxxx3306,-5,transaction
WASBI WARRIORS JET Visa Purchase - Receipt 114080 In BRISBANE AIR Date 14 Jan 2019 Card xxxxxxxxxxxx4237,-9.7,transaction
Wei San Tang Ash Osko Payment to 062475 10110626 - Receipt 710517 - Ref Number NOTPROVIDED,-10,transaction
Wendy Brad Fiji Cruise Internal Transfer - Receipt 748128 Savings Maximiser 0082000232,-277,transaction
WENDY'S - TUGGERAH Visa Purchase - Receipt 158910 In TUGGERAH Date 18 Nov 2018 Card xxxxxxxxxxxx5999,-20.4,transaction
WERRINGTON CELLARS Visa Purchase - Receipt 192689 In WERRINGTON Date 24 Dec 2018 Card xxxxxxxxxxxx8240,-16,transaction
Western Suburbs Taxation Service Toni Taylor Osko Payment to 082286 692488683 - Receipt 253963 - Ref Number NOTPROVIDED,-160,transaction
WH SMITH AUSTRALIA Visa Purchase - Receipt 191636 In WOOLLOOMOOLO Date 15 Apr 2019 Card xxxxxxxxxxxx4237,-6.99,transaction
WHARF Visa Purchase - Receipt 104899 In MELBOURNE Date 22 Jan 2019 Card xxxxxxxxxxxx0985,-5,transaction
Whitehart Visa Purchase - Receipt 101990 In Melbourne Date 01 Feb 2019 Card xxxxxxxxxxxx0985,-28,transaction
WILD CARDS&GIFTS PAC Visa Purchase - Receipt 154506 In BROADBEACH Date 14 Feb 2019 Card xxxxxxxxxxxx2131,-10.49,transaction
"Withdrawal - Non BBL ATM, DURAL CALTEX DURAL",-100,transaction
Wona Sushi Visa Purchase - Receipt 133392 In Annerley Date 14 Apr 2019 Card xxxxxxxxxxxx1337,-8.4,savings
WONDERBAO PTY LTD Visa Purchase - Receipt 127725 In MELBOURNE Date 20 Mar 2019 Card xxxxxxxxxxxx4237,-14.4,transaction
WOODENBONG DRIVEWAY Visa Purchase - Receipt 136315 In WOODENBONG Date 23 Jan 2019 Card xxxxxxxxxxxx1337,-46.71,savings
Woodhill State School PC Assoc UTIERA Osko Payment to 633108 146031984 - Receipt 729760 - Ref Number NOTPROVIDED,-116,transaction
WOODMAN BEENLEIGH PT Visa Purchase - Receipt 159373 In JIMBOOMBA Date 08 Dec 2018 Card xxxxxxxxxxxx4237,-20.98,transaction
WORONGARY COFFEE Visa Purchase - Receipt 156604 In WORONGARY Date 03 Mar 2019 Card xxxxxxxxxxxx5999,-21.75,transaction
WST MORETN HOS & HLTH Visa Purchase - Receipt 113189 In IPSWICH Date 05 Mar 2019 Card xxxxxxxxxxxx7857,-30,savings
YD PTY LTD 407 Visa Purchase - Receipt 161917 In BIGGERA WATE Date 30 Jan 2019 Card xxxxxxxxxxxx9344,-149.99,transaction
YEES COLD STORAGE SE Visa Purchase - Receipt 151805 Foreign Currency Amount: FJD 44.70 In NADI Date 05 Jun 2019 Card xxxxxxxxxxxx3306,-30.3,transaction
YELLOWCAB AUS 13192 BRISBANE Q EFTPOS Purchase - Receipt 4752 Date 22 Jan 2019 Time 4:16PM Card xxxxxxxxxxxx5999,-34.76,transaction
YESS ATM Visa Cash Withdrawal - Receipt 175250 Foreign Currency Amount: FJD 515.00 In NADI FIJI Date 09 Jun 2019 Card xxxxxxxxxxxx3306,-349.32,transaction
YOU CAME AGAIN PL Visa Purchase - Receipt 128910 In WEST END Date 06 Jul 2019 Card xxxxxxxxxxxx1337,-33,savings
YOU CAN DANCE PTY LT Visa Purchase - Receipt 104492 In EMU HEIGHTS Date 03 Aug 2019 Card xxxxxxxxxxxx3306,-35,transaction
Zali Felicity presents Internal Transfer - Receipt 354362 Orange Everyday 0031265789,-47.4,transaction
ZAPVARIETY GLNMRE PK Visa Purchase - Receipt 188212 In GLENMORE PAR Date 10 Aug 2019 Card xxxxxxxxxxxx7915,-43.45,transaction
ZHANG PTY LTD NARRABEEN AUS Tap and Pay xx6620 Value Date: 30/09/2018,-29.1,transaction
ZHAOYANG AUSTRALIA Visa Purchase - Receipt 191176 In MELBOURNE Date 15 Nov 2018 Card xxxxxxxxxxxx4237,-12.3,transaction
ZING POP CULTURE Visa Purchase - Receipt 194845 In SPRINGFIELD Date 27 Jun 2019 Card xxxxxxxxxxxx7857,-18,savings
ZONE BOWLING MILSONS P Visa Purchase - Receipt 103508 In MILSONS POIN Date 13 Feb 2019 Card xxxxxxxxxxxx7915,-93.6,transaction
ZOUKI AT RAYMOND TERRA Visa Purchase - Receipt 150917 In SOUTH BRISBA Date 29 Oct 2018 Card xxxxxxxxxxxx9772,-4,savings